group,housing,band_lower_gbp_week,pct
All,BHC,0.0,0.659099
All,BHC,10.0,0.056906
All,BHC,20.0,0.062142
All,BHC,30.0,0.040526
All,BHC,40.0,0.0587
All,BHC,50.0,0.025541
All,BHC,60.0,0.046265
All,BHC,70.0,0.104705
All,BHC,80.0,0.084364
All,BHC,90.0,0.093145
All,BHC,100.0,0.102431
All,BHC,110.0,0.117524
All,BHC,120.0,0.096882
All,BHC,130.0,0.10132
All,BHC,140.0,0.12826100000000001
All,BHC,150.0,0.120847
All,BHC,160.0,0.223576
All,BHC,170.0,0.140729
All,BHC,180.0,0.148683
All,BHC,190.0,0.200223
All,BHC,200.0,0.160713
All,BHC,210.0,0.250907
All,BHC,220.0,0.226074
All,BHC,230.0,0.259426
All,BHC,240.0,0.420632
All,BHC,250.0,0.274441
All,BHC,260.0,0.414255
All,BHC,270.0,0.480314
All,BHC,280.0,0.436995
All,BHC,290.0,0.4531
All,BHC,300.0,0.674812
All,BHC,310.0,0.529695
All,BHC,320.0,0.521694
All,BHC,330.0,0.4821
All,BHC,340.0,0.63918
All,BHC,350.0,0.729411
All,BHC,360.0,0.561662
All,BHC,370.0,0.820811
All,BHC,380.0,0.704199
All,BHC,390.0,0.601407
All,BHC,400.0,0.678901
All,BHC,410.0,0.707262
All,BHC,420.0,0.785783
All,BHC,430.0,0.909311
All,BHC,440.0,0.723004
All,BHC,450.0,0.917886
All,BHC,460.0,0.915639
All,BHC,470.0,0.814156
All,BHC,480.0,0.764275
All,BHC,490.0,1.095283
All,BHC,500.0,0.842217
All,BHC,510.0,0.953093
All,BHC,520.0,1.03941
All,BHC,530.0,0.898249
All,BHC,540.0,0.818615
All,BHC,550.0,0.850253
All,BHC,560.0,0.955596
All,BHC,570.0,0.999599
All,BHC,580.0,0.849619
All,BHC,590.0,0.789826
All,BHC,600.0,0.83187
All,BHC,610.0,0.924785
All,BHC,620.0,0.842015
All,BHC,630.0,0.737585
All,BHC,640.0,0.919291
All,BHC,650.0,0.781585
All,BHC,660.0,0.817458
All,BHC,670.0,0.774022
All,BHC,680.0,0.81357
All,BHC,690.0,0.847454
All,BHC,700.0,0.666902
All,BHC,710.0,0.629944
All,BHC,720.0,0.735421
All,BHC,730.0,0.623213
All,BHC,740.0,0.72251
All,BHC,750.0,0.583872
All,BHC,760.0,0.620083
All,BHC,770.0,0.721183
All,BHC,780.0,0.690713
All,BHC,790.0,0.53144
All,BHC,800.0,0.689614
All,BHC,810.0,0.530638
All,BHC,820.0,0.667847
All,BHC,830.0,0.522882
All,BHC,840.0,0.462536
All,BHC,850.0,0.519354
All,BHC,860.0,0.612453
All,BHC,870.0,0.494657
All,BHC,880.0,0.506047
All,BHC,890.0,0.397742
All,BHC,900.0,0.4454
All,BHC,910.0,0.413201
All,BHC,920.0,0.442006
All,BHC,930.0,0.525414
All,BHC,940.0,0.481352
All,BHC,950.0,0.416732
All,BHC,960.0,0.364413
All,BHC,970.0,0.488014
All,BHC,980.0,0.326993
All,BHC,990.0,0.355173
All,BHC,1000.0,0.35223
All,BHC,1010.0,0.348444
All,BHC,1020.0,0.307884
All,BHC,1030.0,0.402868
All,BHC,1040.0,0.244288
All,BHC,1050.0,0.299824
All,BHC,1060.0,0.29875
All,BHC,1070.0,0.259474
All,BHC,1080.0,0.359759
All,BHC,1090.0,0.269574
All,BHC,1100.0,0.308535
All,BHC,1110.0,0.185506
All,BHC,1120.0,0.303443
All,BHC,1130.0,0.320377
All,BHC,1140.0,0.21718
All,BHC,1150.0,0.293225
All,BHC,1160.0,0.183619
All,BHC,1170.0,0.14051
All,BHC,1180.0,0.230571
All,BHC,1190.0,0.230338
All,BHC,1200.0,0.197928
All,BHC,1210.0,0.198402
All,BHC,1220.0,0.121282
All,BHC,1230.0,0.147273
All,BHC,1240.0,0.154705
All,BHC,1250.0,0.181441
All,BHC,1260.0,0.142745
All,BHC,1270.0,0.201594
All,BHC,1280.0,0.130828
All,BHC,1290.0,0.100235
All,BHC,1300.0,0.133971
All,BHC,1310.0,0.156772
All,BHC,1320.0,0.196056
All,BHC,1330.0,0.093151
All,BHC,1340.0,0.112615
All,BHC,1350.0,0.136702
All,BHC,1360.0,0.084599
All,BHC,1370.0,0.103
All,BHC,1380.0,0.128225
All,BHC,1390.0,0.104129
All,BHC,1400.0,0.157431
All,BHC,1410.0,0.125709
All,BHC,1420.0,0.11302
All,BHC,1430.0,0.111344
All,BHC,1440.0,0.103823
All,BHC,1450.0,0.09062
All,BHC,1460.0,0.057949
All,BHC,1470.0,0.110991
All,BHC,1480.0,0.128265
All,BHC,1490.0,0.052565
All,BHC,1500.0,4.039205
All,AHC,-110.0,0.483277
All,AHC,-100.0,0.056832
All,AHC,-90.0,0.021078
All,AHC,-80.0,0.043335
All,AHC,-70.0,0.077284
All,AHC,-60.0,0.083076
All,AHC,-50.0,0.100301
All,AHC,-40.0,0.036016
All,AHC,-30.0,0.136874
All,AHC,-20.0,0.214227
All,AHC,-10.0,0.109106
All,AHC,0.0,0.062996
All,AHC,10.0,0.057922
All,AHC,20.0,0.083303
All,AHC,30.0,0.106585
All,AHC,40.0,0.119412
All,AHC,50.0,0.107059
All,AHC,60.0,0.263224
All,AHC,70.0,0.116324
All,AHC,80.0,0.117155
All,AHC,90.0,0.21198
All,AHC,100.0,0.114836
All,AHC,110.0,0.344739
All,AHC,120.0,0.281644
All,AHC,130.0,0.310147
All,AHC,140.0,0.285443
All,AHC,150.0,0.246946
All,AHC,160.0,0.294369
All,AHC,170.0,0.236667
All,AHC,180.0,0.395705
All,AHC,190.0,0.41193
All,AHC,200.0,0.583824
All,AHC,210.0,0.469869
All,AHC,220.0,0.389868
All,AHC,230.0,0.588631
All,AHC,240.0,0.584103
All,AHC,250.0,0.594008
All,AHC,260.0,0.401261
All,AHC,270.0,0.717084
All,AHC,280.0,0.653588
All,AHC,290.0,0.710966
All,AHC,300.0,0.635468
All,AHC,310.0,0.917703
All,AHC,320.0,0.854105
All,AHC,330.0,0.832116
All,AHC,340.0,0.659623
All,AHC,350.0,0.602705
All,AHC,360.0,0.846671
All,AHC,370.0,0.701388
All,AHC,380.0,1.046823
All,AHC,390.0,0.790463
All,AHC,400.0,0.845081
All,AHC,410.0,0.811239
All,AHC,420.0,0.963714
All,AHC,430.0,0.911555
All,AHC,440.0,0.903286
All,AHC,450.0,0.865242
All,AHC,460.0,1.057937
All,AHC,470.0,0.832909
All,AHC,480.0,0.83078
All,AHC,490.0,0.985139
All,AHC,500.0,1.024692
All,AHC,510.0,0.958536
All,AHC,520.0,0.878737
All,AHC,530.0,0.775257
All,AHC,540.0,0.883916
All,AHC,550.0,0.919815
All,AHC,560.0,0.734334
All,AHC,570.0,0.71126
All,AHC,580.0,0.663926
All,AHC,590.0,0.876262
All,AHC,600.0,0.675481
All,AHC,610.0,0.874582
All,AHC,620.0,0.76345
All,AHC,630.0,0.698828
All,AHC,640.0,0.713499
All,AHC,650.0,0.785351
All,AHC,660.0,0.871418
All,AHC,670.0,0.678164
All,AHC,680.0,0.614956
All,AHC,690.0,0.590987
All,AHC,700.0,0.673874
All,AHC,710.0,0.722414
All,AHC,720.0,0.604532
All,AHC,730.0,0.546172
All,AHC,740.0,0.54697
All,AHC,750.0,0.545571
All,AHC,760.0,0.517281
All,AHC,770.0,0.638715
All,AHC,780.0,0.505148
All,AHC,790.0,0.495195
All,AHC,800.0,0.334791
All,AHC,810.0,0.524295
All,AHC,820.0,0.478093
All,AHC,830.0,0.447028
All,AHC,840.0,0.475721
All,AHC,850.0,0.450217
All,AHC,860.0,0.529219
All,AHC,870.0,0.478461
All,AHC,880.0,0.369147
All,AHC,890.0,0.338129
All,AHC,900.0,0.40881
All,AHC,910.0,0.300339
All,AHC,920.0,0.345969
All,AHC,930.0,0.391813
All,AHC,940.0,0.382961
All,AHC,950.0,0.266699
All,AHC,960.0,0.39331
All,AHC,970.0,0.328457
All,AHC,980.0,0.300683
All,AHC,990.0,0.255186
All,AHC,1000.0,0.221494
All,AHC,1010.0,0.290029
All,AHC,1020.0,0.258876
All,AHC,1030.0,0.288831
All,AHC,1040.0,0.189896
All,AHC,1050.0,0.218898
All,AHC,1060.0,0.261064
All,AHC,1070.0,0.21945
All,AHC,1080.0,0.239772
All,AHC,1090.0,0.187048
All,AHC,1100.0,0.159571
All,AHC,1110.0,0.172943
All,AHC,1120.0,0.214372
All,AHC,1130.0,0.19142
All,AHC,1140.0,0.180211
All,AHC,1150.0,0.155907
All,AHC,1160.0,0.168472
All,AHC,1170.0,0.160833
All,AHC,1180.0,0.09603
All,AHC,1190.0,0.131065
All,AHC,1200.0,0.216259
All,AHC,1210.0,0.15068
All,AHC,1220.0,0.098862
All,AHC,1230.0,0.116361
All,AHC,1240.0,0.115527
All,AHC,1250.0,0.115071
All,AHC,1260.0,0.126828
All,AHC,1270.0,0.157018
All,AHC,1280.0,0.104245
All,AHC,1290.0,0.117075
All,AHC,1300.0,0.096986
All,AHC,1310.0,0.123356
All,AHC,1320.0,0.102716
All,AHC,1330.0,0.136207
All,AHC,1340.0,0.088021
All,AHC,1350.0,0.058172
All,AHC,1360.0,0.081314
All,AHC,1370.0,0.049045
All,AHC,1380.0,0.087008
All,AHC,1390.0,0.098478
All,AHC,1400.0,0.139277
All,AHC,1410.0,0.078978
All,AHC,1420.0,0.080805
All,AHC,1430.0,0.07771
All,AHC,1440.0,0.031054
All,AHC,1450.0,0.048355
All,AHC,1460.0,0.033951
All,AHC,1470.0,0.06172
All,AHC,1480.0,0.072333
All,AHC,1490.0,0.062998
All,AHC,1500.0,3.173848
Pensioners,BHC,0.0,0.034605
Pensioners,BHC,10.0,0.006722
Pensioners,BHC,20.0,0.01106
Pensioners,BHC,30.0,0.0
Pensioners,BHC,40.0,0.006799
Pensioners,BHC,50.0,0.004862
Pensioners,BHC,60.0,0.010548
Pensioners,BHC,70.0,0.003076
Pensioners,BHC,80.0,0.00264
Pensioners,BHC,90.0,0.008107
Pensioners,BHC,100.0,0.020493
Pensioners,BHC,110.0,0.014426
Pensioners,BHC,120.0,0.014899
Pensioners,BHC,130.0,0.009249
Pensioners,BHC,140.0,0.018657
Pensioners,BHC,150.0,0.019812
Pensioners,BHC,160.0,0.012863
Pensioners,BHC,170.0,0.010586
Pensioners,BHC,180.0,0.01966
Pensioners,BHC,190.0,0.066776
Pensioners,BHC,200.0,0.049986
Pensioners,BHC,210.0,0.046071
Pensioners,BHC,220.0,0.039818
Pensioners,BHC,230.0,0.042584
Pensioners,BHC,240.0,0.065496
Pensioners,BHC,250.0,0.064745
Pensioners,BHC,260.0,0.09243
Pensioners,BHC,270.0,0.098333
Pensioners,BHC,280.0,0.098832
Pensioners,BHC,290.0,0.1019
Pensioners,BHC,300.0,0.117205
Pensioners,BHC,310.0,0.109474
Pensioners,BHC,320.0,0.125931
Pensioners,BHC,330.0,0.116694
Pensioners,BHC,340.0,0.147772
Pensioners,BHC,350.0,0.166452
Pensioners,BHC,360.0,0.144214
Pensioners,BHC,370.0,0.17452
Pensioners,BHC,380.0,0.15808
Pensioners,BHC,390.0,0.151712
Pensioners,BHC,400.0,0.17195
Pensioners,BHC,410.0,0.155582
Pensioners,BHC,420.0,0.165763
Pensioners,BHC,430.0,0.251061
Pensioners,BHC,440.0,0.207586
Pensioners,BHC,450.0,0.204142
Pensioners,BHC,460.0,0.208283
Pensioners,BHC,470.0,0.24253
Pensioners,BHC,480.0,0.198554
Pensioners,BHC,490.0,0.202716
Pensioners,BHC,500.0,0.203432
Pensioners,BHC,510.0,0.189139
Pensioners,BHC,520.0,0.197395
Pensioners,BHC,530.0,0.18611
Pensioners,BHC,540.0,0.173728
Pensioners,BHC,550.0,0.174608
Pensioners,BHC,560.0,0.191148
Pensioners,BHC,570.0,0.140502
Pensioners,BHC,580.0,0.208627
Pensioners,BHC,590.0,0.170405
Pensioners,BHC,600.0,0.196151
Pensioners,BHC,610.0,0.164147
Pensioners,BHC,620.0,0.186838
Pensioners,BHC,630.0,0.168993
Pensioners,BHC,640.0,0.147797
Pensioners,BHC,650.0,0.140041
Pensioners,BHC,660.0,0.160942
Pensioners,BHC,670.0,0.151426
Pensioners,BHC,680.0,0.133235
Pensioners,BHC,690.0,0.095694
Pensioners,BHC,700.0,0.11969
Pensioners,BHC,710.0,0.116848
Pensioners,BHC,720.0,0.119441
Pensioners,BHC,730.0,0.096328
Pensioners,BHC,740.0,0.096083
Pensioners,BHC,750.0,0.101671
Pensioners,BHC,760.0,0.098956
Pensioners,BHC,770.0,0.115538
Pensioners,BHC,780.0,0.094266
Pensioners,BHC,790.0,0.090848
Pensioners,BHC,800.0,0.101865
Pensioners,BHC,810.0,0.079766
Pensioners,BHC,820.0,0.098763
Pensioners,BHC,830.0,0.070403
Pensioners,BHC,840.0,0.079363
Pensioners,BHC,850.0,0.096261
Pensioners,BHC,860.0,0.084917
Pensioners,BHC,870.0,0.076635
Pensioners,BHC,880.0,0.08887
Pensioners,BHC,890.0,0.070545
Pensioners,BHC,900.0,0.056614
Pensioners,BHC,910.0,0.050437
Pensioners,BHC,920.0,0.083301
Pensioners,BHC,930.0,0.074952
Pensioners,BHC,940.0,0.090414
Pensioners,BHC,950.0,0.055225
Pensioners,BHC,960.0,0.04949
Pensioners,BHC,970.0,0.053713
Pensioners,BHC,980.0,0.052555
Pensioners,BHC,990.0,0.044704
Pensioners,BHC,1000.0,0.03015
Pensioners,BHC,1010.0,0.043025
Pensioners,BHC,1020.0,0.034403
Pensioners,BHC,1030.0,0.040881
Pensioners,BHC,1040.0,0.05229
Pensioners,BHC,1050.0,0.039277
Pensioners,BHC,1060.0,0.037478
Pensioners,BHC,1070.0,0.038485
Pensioners,BHC,1080.0,0.052664
Pensioners,BHC,1090.0,0.031468
Pensioners,BHC,1100.0,0.047632
Pensioners,BHC,1110.0,0.019464
Pensioners,BHC,1120.0,0.032124
Pensioners,BHC,1130.0,0.050716
Pensioners,BHC,1140.0,0.031568
Pensioners,BHC,1150.0,0.044314
Pensioners,BHC,1160.0,0.02701
Pensioners,BHC,1170.0,0.025329
Pensioners,BHC,1180.0,0.034939
Pensioners,BHC,1190.0,0.022331
Pensioners,BHC,1200.0,0.017194
Pensioners,BHC,1210.0,0.033195
Pensioners,BHC,1220.0,0.016231
Pensioners,BHC,1230.0,0.021787
Pensioners,BHC,1240.0,0.022465
Pensioners,BHC,1250.0,0.031068
Pensioners,BHC,1260.0,0.011175
Pensioners,BHC,1270.0,0.034941
Pensioners,BHC,1280.0,0.019088
Pensioners,BHC,1290.0,0.019753
Pensioners,BHC,1300.0,0.020547
Pensioners,BHC,1310.0,0.023347
Pensioners,BHC,1320.0,0.008671
Pensioners,BHC,1330.0,0.006772
Pensioners,BHC,1340.0,0.017469
Pensioners,BHC,1350.0,0.041062
Pensioners,BHC,1360.0,0.014667
Pensioners,BHC,1370.0,0.013852
Pensioners,BHC,1380.0,0.01673
Pensioners,BHC,1390.0,0.017402
Pensioners,BHC,1400.0,0.009924
Pensioners,BHC,1410.0,0.015305
Pensioners,BHC,1420.0,0.009735
Pensioners,BHC,1430.0,0.012464
Pensioners,BHC,1440.0,0.011789
Pensioners,BHC,1450.0,0.010301
Pensioners,BHC,1460.0,0.010775
Pensioners,BHC,1470.0,0.007697
Pensioners,BHC,1480.0,0.007432
Pensioners,BHC,1490.0,0.004401
Pensioners,BHC,1500.0,0.508866
Pensioners,AHC,-110.0,0.022213
Pensioners,AHC,-100.0,0.001827
Pensioners,AHC,-90.0,0.00112
Pensioners,AHC,-80.0,0.001071
Pensioners,AHC,-70.0,0.008089
Pensioners,AHC,-60.0,0.005105
Pensioners,AHC,-50.0,0.003487
Pensioners,AHC,-40.0,0.0057
Pensioners,AHC,-30.0,0.025492
Pensioners,AHC,-20.0,0.030284
Pensioners,AHC,-10.0,0.003413
Pensioners,AHC,0.0,0.008405
Pensioners,AHC,10.0,0.011053
Pensioners,AHC,20.0,0.004809
Pensioners,AHC,30.0,0.011049
Pensioners,AHC,40.0,0.007527
Pensioners,AHC,50.0,0.016989
Pensioners,AHC,60.0,0.007639
Pensioners,AHC,70.0,0.004957
Pensioners,AHC,80.0,0.0115
Pensioners,AHC,90.0,0.038227
Pensioners,AHC,100.0,0.017822
Pensioners,AHC,110.0,0.024364
Pensioners,AHC,120.0,0.020039
Pensioners,AHC,130.0,0.02366
Pensioners,AHC,140.0,0.039815
Pensioners,AHC,150.0,0.026145
Pensioners,AHC,160.0,0.041147
Pensioners,AHC,170.0,0.027361
Pensioners,AHC,180.0,0.054024
Pensioners,AHC,190.0,0.060768
Pensioners,AHC,200.0,0.05501
Pensioners,AHC,210.0,0.057965
Pensioners,AHC,220.0,0.064954
Pensioners,AHC,230.0,0.051632
Pensioners,AHC,240.0,0.083946
Pensioners,AHC,250.0,0.04971
Pensioners,AHC,260.0,0.11176
Pensioners,AHC,270.0,0.099261
Pensioners,AHC,280.0,0.122178
Pensioners,AHC,290.0,0.11034
Pensioners,AHC,300.0,0.123391
Pensioners,AHC,310.0,0.142378
Pensioners,AHC,320.0,0.143494
Pensioners,AHC,330.0,0.149602
Pensioners,AHC,340.0,0.166627
Pensioners,AHC,350.0,0.157364
Pensioners,AHC,360.0,0.206413
Pensioners,AHC,370.0,0.195614
Pensioners,AHC,380.0,0.204848
Pensioners,AHC,390.0,0.172555
Pensioners,AHC,400.0,0.166955
Pensioners,AHC,410.0,0.198786
Pensioners,AHC,420.0,0.189362
Pensioners,AHC,430.0,0.186284
Pensioners,AHC,440.0,0.19363
Pensioners,AHC,450.0,0.20429
Pensioners,AHC,460.0,0.239558
Pensioners,AHC,470.0,0.169885
Pensioners,AHC,480.0,0.168379
Pensioners,AHC,490.0,0.225913
Pensioners,AHC,500.0,0.191177
Pensioners,AHC,510.0,0.193107
Pensioners,AHC,520.0,0.177432
Pensioners,AHC,530.0,0.145536
Pensioners,AHC,540.0,0.190356
Pensioners,AHC,550.0,0.151168
Pensioners,AHC,560.0,0.156978
Pensioners,AHC,570.0,0.181416
Pensioners,AHC,580.0,0.11888
Pensioners,AHC,590.0,0.1411
Pensioners,AHC,600.0,0.158737
Pensioners,AHC,610.0,0.169788
Pensioners,AHC,620.0,0.12291
Pensioners,AHC,630.0,0.183993
Pensioners,AHC,640.0,0.136867
Pensioners,AHC,650.0,0.14806
Pensioners,AHC,660.0,0.121376
Pensioners,AHC,670.0,0.098873
Pensioners,AHC,680.0,0.090751
Pensioners,AHC,690.0,0.123088
Pensioners,AHC,700.0,0.121799
Pensioners,AHC,710.0,0.127879
Pensioners,AHC,720.0,0.109066
Pensioners,AHC,730.0,0.080303
Pensioners,AHC,740.0,0.098737
Pensioners,AHC,750.0,0.126216
Pensioners,AHC,760.0,0.088997
Pensioners,AHC,770.0,0.074222
Pensioners,AHC,780.0,0.088908
Pensioners,AHC,790.0,0.096107
Pensioners,AHC,800.0,0.083822
Pensioners,AHC,810.0,0.102612
Pensioners,AHC,820.0,0.059264
Pensioners,AHC,830.0,0.085331
Pensioners,AHC,840.0,0.079511
Pensioners,AHC,850.0,0.095014
Pensioners,AHC,860.0,0.080597
Pensioners,AHC,870.0,0.070297
Pensioners,AHC,880.0,0.082508
Pensioners,AHC,890.0,0.05865
Pensioners,AHC,900.0,0.090143
Pensioners,AHC,910.0,0.04894
Pensioners,AHC,920.0,0.072629
Pensioners,AHC,930.0,0.066523
Pensioners,AHC,940.0,0.050014
Pensioners,AHC,950.0,0.038655
Pensioners,AHC,960.0,0.034316
Pensioners,AHC,970.0,0.055283
Pensioners,AHC,980.0,0.0567
Pensioners,AHC,990.0,0.020485
Pensioners,AHC,1000.0,0.016398
Pensioners,AHC,1010.0,0.046213
Pensioners,AHC,1020.0,0.065948
Pensioners,AHC,1030.0,0.041953
Pensioners,AHC,1040.0,0.037585
Pensioners,AHC,1050.0,0.042133
Pensioners,AHC,1060.0,0.039055
Pensioners,AHC,1070.0,0.043329
Pensioners,AHC,1080.0,0.050593
Pensioners,AHC,1090.0,0.038258
Pensioners,AHC,1100.0,0.037994
Pensioners,AHC,1110.0,0.021953
Pensioners,AHC,1120.0,0.031703
Pensioners,AHC,1130.0,0.033814
Pensioners,AHC,1140.0,0.030318
Pensioners,AHC,1150.0,0.046682
Pensioners,AHC,1160.0,0.036835
Pensioners,AHC,1170.0,0.040401
Pensioners,AHC,1180.0,0.00948
Pensioners,AHC,1190.0,0.018491
Pensioners,AHC,1200.0,0.04035
Pensioners,AHC,1210.0,0.015399
Pensioners,AHC,1220.0,0.017312
Pensioners,AHC,1230.0,0.025128
Pensioners,AHC,1240.0,0.022455
Pensioners,AHC,1250.0,0.02349
Pensioners,AHC,1260.0,0.018527
Pensioners,AHC,1270.0,0.019067
Pensioners,AHC,1280.0,0.019293
Pensioners,AHC,1290.0,0.01772
Pensioners,AHC,1300.0,0.015411
Pensioners,AHC,1310.0,0.025309
Pensioners,AHC,1320.0,0.018945
Pensioners,AHC,1330.0,0.038111
Pensioners,AHC,1340.0,0.01829
Pensioners,AHC,1350.0,0.013952
Pensioners,AHC,1360.0,0.018593
Pensioners,AHC,1370.0,0.008373
Pensioners,AHC,1380.0,0.007352
Pensioners,AHC,1390.0,0.004955
Pensioners,AHC,1400.0,0.015223
Pensioners,AHC,1410.0,0.009006
Pensioners,AHC,1420.0,0.011278
Pensioners,AHC,1430.0,0.010032
Pensioners,AHC,1440.0,0.005445
Pensioners,AHC,1450.0,0.009677
Pensioners,AHC,1460.0,0.014294
Pensioners,AHC,1470.0,0.011964
Pensioners,AHC,1480.0,0.013942
Pensioners,AHC,1490.0,0.00937
Pensioners,AHC,1500.0,0.507024
Children,BHC,0.0,0.063228
Children,BHC,10.0,0.01394
Children,BHC,20.0,0.016036
Children,BHC,30.0,0.01185
Children,BHC,40.0,0.013958
Children,BHC,50.0,0.001924
Children,BHC,60.0,0.003594
Children,BHC,70.0,0.0284
Children,BHC,80.0,0.028119
Children,BHC,90.0,0.01548
Children,BHC,100.0,0.021045
Children,BHC,110.0,0.027433
Children,BHC,120.0,0.023966
Children,BHC,130.0,0.020467
Children,BHC,140.0,0.041552
Children,BHC,150.0,0.037835
Children,BHC,160.0,0.083471
Children,BHC,170.0,0.044077
Children,BHC,180.0,0.058344
Children,BHC,190.0,0.055909
Children,BHC,200.0,0.045927
Children,BHC,210.0,0.071604
Children,BHC,220.0,0.045105
Children,BHC,230.0,0.068876
Children,BHC,240.0,0.118878
Children,BHC,250.0,0.081997
Children,BHC,260.0,0.125563
Children,BHC,270.0,0.157339
Children,BHC,280.0,0.135435
Children,BHC,290.0,0.146126
Children,BHC,300.0,0.250094
Children,BHC,310.0,0.161241
Children,BHC,320.0,0.149156
Children,BHC,330.0,0.161418
Children,BHC,340.0,0.205724
Children,BHC,350.0,0.228268
Children,BHC,360.0,0.1527
Children,BHC,370.0,0.253405
Children,BHC,380.0,0.21862
Children,BHC,390.0,0.197633
Children,BHC,400.0,0.18178
Children,BHC,410.0,0.202802
Children,BHC,420.0,0.193282
Children,BHC,430.0,0.274875
Children,BHC,440.0,0.147532
Children,BHC,450.0,0.273471
Children,BHC,460.0,0.288607
Children,BHC,470.0,0.186203
Children,BHC,480.0,0.196838
Children,BHC,490.0,0.287193
Children,BHC,500.0,0.214147
Children,BHC,510.0,0.244657
Children,BHC,520.0,0.294453
Children,BHC,530.0,0.214126
Children,BHC,540.0,0.201755
Children,BHC,550.0,0.179447
Children,BHC,560.0,0.24095
Children,BHC,570.0,0.290188
Children,BHC,580.0,0.224353
Children,BHC,590.0,0.178689
Children,BHC,600.0,0.16149
Children,BHC,610.0,0.256357
Children,BHC,620.0,0.176158
Children,BHC,630.0,0.186627
Children,BHC,640.0,0.219373
Children,BHC,650.0,0.157681
Children,BHC,660.0,0.174171
Children,BHC,670.0,0.164525
Children,BHC,680.0,0.168712
Children,BHC,690.0,0.162221
Children,BHC,700.0,0.147524
Children,BHC,710.0,0.094481
Children,BHC,720.0,0.1289
Children,BHC,730.0,0.140383
Children,BHC,740.0,0.121195
Children,BHC,750.0,0.11086
Children,BHC,760.0,0.146767
Children,BHC,770.0,0.109785
Children,BHC,780.0,0.106675
Children,BHC,790.0,0.077283
Children,BHC,800.0,0.153998
Children,BHC,810.0,0.104907
Children,BHC,820.0,0.114688
Children,BHC,830.0,0.067684
Children,BHC,840.0,0.08153
Children,BHC,850.0,0.086454
Children,BHC,860.0,0.127434
Children,BHC,870.0,0.09762
Children,BHC,880.0,0.062972
Children,BHC,890.0,0.06985
Children,BHC,900.0,0.050181
Children,BHC,910.0,0.070432
Children,BHC,920.0,0.048869
Children,BHC,930.0,0.085919
Children,BHC,940.0,0.06882
Children,BHC,950.0,0.073219
Children,BHC,960.0,0.047648
Children,BHC,970.0,0.079345
Children,BHC,980.0,0.039156
Children,BHC,990.0,0.04805
Children,BHC,1000.0,0.066756
Children,BHC,1010.0,0.060736
Children,BHC,1020.0,0.054529
Children,BHC,1030.0,0.038432
Children,BHC,1040.0,0.028998
Children,BHC,1050.0,0.05305
Children,BHC,1060.0,0.040257
Children,BHC,1070.0,0.041788
Children,BHC,1080.0,0.040987
Children,BHC,1090.0,0.040656
Children,BHC,1100.0,0.060571
Children,BHC,1110.0,0.019062
Children,BHC,1120.0,0.03487
Children,BHC,1130.0,0.040679
Children,BHC,1140.0,0.014115
Children,BHC,1150.0,0.05838
Children,BHC,1160.0,0.022829
Children,BHC,1170.0,0.014194
Children,BHC,1180.0,0.032531
Children,BHC,1190.0,0.030653
Children,BHC,1200.0,0.024067
Children,BHC,1210.0,0.017764
Children,BHC,1220.0,0.019707
Children,BHC,1230.0,0.02923
Children,BHC,1240.0,0.011762
Children,BHC,1250.0,0.016427
Children,BHC,1260.0,0.019206
Children,BHC,1270.0,0.01814
Children,BHC,1280.0,0.01782
Children,BHC,1290.0,0.00769
Children,BHC,1300.0,0.00867
Children,BHC,1310.0,0.021286
Children,BHC,1320.0,0.044515
Children,BHC,1330.0,0.009662
Children,BHC,1340.0,0.012304
Children,BHC,1350.0,0.024194
Children,BHC,1360.0,0.008034
Children,BHC,1370.0,0.013794
Children,BHC,1380.0,0.028747
Children,BHC,1390.0,0.01255
Children,BHC,1400.0,0.027617
Children,BHC,1410.0,0.024672
Children,BHC,1420.0,0.014289
Children,BHC,1430.0,0.024495
Children,BHC,1440.0,0.019517
Children,BHC,1450.0,0.014655
Children,BHC,1460.0,0.010814
Children,BHC,1470.0,0.014652
Children,BHC,1480.0,0.029382
Children,BHC,1490.0,0.006033
Children,BHC,1500.0,0.552896
Children,AHC,-110.0,0.063738
Children,AHC,-100.0,0.014057
Children,AHC,-90.0,0.000786
Children,AHC,-80.0,0.022399
Children,AHC,-70.0,0.020624
Children,AHC,-60.0,0.020149
Children,AHC,-50.0,0.031114
Children,AHC,-40.0,0.003946
Children,AHC,-30.0,0.025966
Children,AHC,-20.0,0.027841
Children,AHC,-10.0,0.030877
Children,AHC,0.0,0.018543
Children,AHC,10.0,0.008838
Children,AHC,20.0,0.021804
Children,AHC,30.0,0.027735
Children,AHC,40.0,0.025473
Children,AHC,50.0,0.028061
Children,AHC,60.0,0.080316
Children,AHC,70.0,0.029389
Children,AHC,80.0,0.037172
Children,AHC,90.0,0.05144
Children,AHC,100.0,0.028627
Children,AHC,110.0,0.114801
Children,AHC,120.0,0.093117
Children,AHC,130.0,0.086479
Children,AHC,140.0,0.101772
Children,AHC,150.0,0.078679
Children,AHC,160.0,0.082671
Children,AHC,170.0,0.061403
Children,AHC,180.0,0.130562
Children,AHC,190.0,0.144772
Children,AHC,200.0,0.260978
Children,AHC,210.0,0.149891
Children,AHC,220.0,0.106369
Children,AHC,230.0,0.220643
Children,AHC,240.0,0.232265
Children,AHC,250.0,0.218527
Children,AHC,260.0,0.104394
Children,AHC,270.0,0.248008
Children,AHC,280.0,0.220275
Children,AHC,290.0,0.252915
Children,AHC,300.0,0.175367
Children,AHC,310.0,0.305913
Children,AHC,320.0,0.254682
Children,AHC,330.0,0.253561
Children,AHC,340.0,0.206984
Children,AHC,350.0,0.188097
Children,AHC,360.0,0.200891
Children,AHC,370.0,0.176287
Children,AHC,380.0,0.327751
Children,AHC,390.0,0.223069
Children,AHC,400.0,0.200075
Children,AHC,410.0,0.182475
Children,AHC,420.0,0.274524
Children,AHC,430.0,0.273477
Children,AHC,440.0,0.236958
Children,AHC,450.0,0.199212
Children,AHC,460.0,0.243389
Children,AHC,470.0,0.199112
Children,AHC,480.0,0.182834
Children,AHC,490.0,0.221239
Children,AHC,500.0,0.269607
Children,AHC,510.0,0.199025
Children,AHC,520.0,0.197991
Children,AHC,530.0,0.177024
Children,AHC,540.0,0.164762
Children,AHC,550.0,0.210213
Children,AHC,560.0,0.190584
Children,AHC,570.0,0.09522
Children,AHC,580.0,0.15212
Children,AHC,590.0,0.113244
Children,AHC,600.0,0.130309
Children,AHC,610.0,0.154203
Children,AHC,620.0,0.167891
Children,AHC,630.0,0.102955
Children,AHC,640.0,0.132415
Children,AHC,650.0,0.148808
Children,AHC,660.0,0.171061
Children,AHC,670.0,0.10471
Children,AHC,680.0,0.122299
Children,AHC,690.0,0.090497
Children,AHC,700.0,0.139597
Children,AHC,710.0,0.131582
Children,AHC,720.0,0.095098
Children,AHC,730.0,0.107423
Children,AHC,740.0,0.101782
Children,AHC,750.0,0.076701
Children,AHC,760.0,0.103098
Children,AHC,770.0,0.135438
Children,AHC,780.0,0.056358
Children,AHC,790.0,0.071826
Children,AHC,800.0,0.046526
Children,AHC,810.0,0.056834
Children,AHC,820.0,0.080007
Children,AHC,830.0,0.074494
Children,AHC,840.0,0.083126
Children,AHC,850.0,0.056001
Children,AHC,860.0,0.073989
Children,AHC,870.0,0.050138
Children,AHC,880.0,0.043521
Children,AHC,890.0,0.055055
Children,AHC,900.0,0.028371
Children,AHC,910.0,0.04555
Children,AHC,920.0,0.048515
Children,AHC,930.0,0.059742
Children,AHC,940.0,0.058344
Children,AHC,950.0,0.028882
Children,AHC,960.0,0.039988
Children,AHC,970.0,0.055176
Children,AHC,980.0,0.050996
Children,AHC,990.0,0.054903
Children,AHC,1000.0,0.022068
Children,AHC,1010.0,0.05575
Children,AHC,1020.0,0.026009
Children,AHC,1030.0,0.040947
Children,AHC,1040.0,0.016745
Children,AHC,1050.0,0.025859
Children,AHC,1060.0,0.036966
Children,AHC,1070.0,0.026733
Children,AHC,1080.0,0.027845
Children,AHC,1090.0,0.027345
Children,AHC,1100.0,0.01885
Children,AHC,1110.0,0.033178
Children,AHC,1120.0,0.038489
Children,AHC,1130.0,0.023592
Children,AHC,1140.0,0.004103
Children,AHC,1150.0,0.020344
Children,AHC,1160.0,0.026834
Children,AHC,1170.0,0.006542
Children,AHC,1180.0,0.002637
Children,AHC,1190.0,0.017757
Children,AHC,1200.0,0.044395
Children,AHC,1210.0,0.025575
Children,AHC,1220.0,0.008411
Children,AHC,1230.0,0.013052
Children,AHC,1240.0,0.018785
Children,AHC,1250.0,0.011151
Children,AHC,1260.0,0.014971
Children,AHC,1270.0,0.016274
Children,AHC,1280.0,0.010869
Children,AHC,1290.0,0.015348
Children,AHC,1300.0,0.009429
Children,AHC,1310.0,0.009436
Children,AHC,1320.0,0.01653
Children,AHC,1330.0,0.020539
Children,AHC,1340.0,0.006632
Children,AHC,1350.0,0.014392
Children,AHC,1360.0,0.009988
Children,AHC,1370.0,0.008475
Children,AHC,1380.0,0.010601
Children,AHC,1390.0,0.028454
Children,AHC,1400.0,0.039935
Children,AHC,1410.0,0.009001
Children,AHC,1420.0,0.015327
Children,AHC,1430.0,0.006514
Children,AHC,1440.0,0.001082
Children,AHC,1450.0,0.001475
Children,AHC,1460.0,0.002404
Children,AHC,1470.0,0.006323
Children,AHC,1480.0,0.001279
Children,AHC,1490.0,0.008178
Children,AHC,1500.0,0.428963
Working-age,BHC,0.0,0.077982
Working-age,BHC,10.0,0.00697
Working-age,BHC,20.0,0.015288
Working-age,BHC,30.0,0.00957
Working-age,BHC,40.0,0.009514
Working-age,BHC,50.0,0.000962
Working-age,BHC,60.0,0.003855
Working-age,BHC,70.0,0.022214
Working-age,BHC,80.0,0.025957
Working-age,BHC,90.0,0.009906
Working-age,BHC,100.0,0.026027
Working-age,BHC,110.0,0.020065
Working-age,BHC,120.0,0.023133
Working-age,BHC,130.0,0.015218
Working-age,BHC,140.0,0.026514
Working-age,BHC,150.0,0.028115
Working-age,BHC,160.0,0.054668
Working-age,BHC,170.0,0.035739
Working-age,BHC,180.0,0.032822
Working-age,BHC,190.0,0.044371
Working-age,BHC,200.0,0.028096
Working-age,BHC,210.0,0.057596
Working-age,BHC,220.0,0.041207
Working-age,BHC,230.0,0.051372
Working-age,BHC,240.0,0.118319
Working-age,BHC,250.0,0.058152
Working-age,BHC,260.0,0.102539
Working-age,BHC,270.0,0.089475
Working-age,BHC,280.0,0.108352
Working-age,BHC,290.0,0.102638
Working-age,BHC,300.0,0.156576
Working-age,BHC,310.0,0.110906
Working-age,BHC,320.0,0.110249
Working-age,BHC,330.0,0.118722
Working-age,BHC,340.0,0.148847
Working-age,BHC,350.0,0.164687
Working-age,BHC,360.0,0.13252
Working-age,BHC,370.0,0.196999
Working-age,BHC,380.0,0.177184
Working-age,BHC,390.0,0.134559
Working-age,BHC,400.0,0.148153
Working-age,BHC,410.0,0.167718
Working-age,BHC,420.0,0.14566
Working-age,BHC,430.0,0.192294
Working-age,BHC,440.0,0.124831
Working-age,BHC,450.0,0.228189
Working-age,BHC,460.0,0.201514
Working-age,BHC,470.0,0.15435
Working-age,BHC,480.0,0.152866
Working-age,BHC,490.0,0.256478
Working-age,BHC,500.0,0.188378
Working-age,BHC,510.0,0.230433
Working-age,BHC,520.0,0.222389
Working-age,BHC,530.0,0.163865
Working-age,BHC,540.0,0.183089
Working-age,BHC,550.0,0.160118
Working-age,BHC,560.0,0.201162
Working-age,BHC,570.0,0.240961
Working-age,BHC,580.0,0.195981
Working-age,BHC,590.0,0.171029
Working-age,BHC,600.0,0.164918
Working-age,BHC,610.0,0.244902
Working-age,BHC,620.0,0.187822
Working-age,BHC,630.0,0.175779
Working-age,BHC,640.0,0.219597
Working-age,BHC,650.0,0.181822
Working-age,BHC,660.0,0.193592
Working-age,BHC,670.0,0.154862
Working-age,BHC,680.0,0.198255
Working-age,BHC,690.0,0.179801
Working-age,BHC,700.0,0.138335
Working-age,BHC,710.0,0.096342
Working-age,BHC,720.0,0.147998
Working-age,BHC,730.0,0.149547
Working-age,BHC,740.0,0.129962
Working-age,BHC,750.0,0.129123
Working-age,BHC,760.0,0.156866
Working-age,BHC,770.0,0.120665
Working-age,BHC,780.0,0.127511
Working-age,BHC,790.0,0.095677
Working-age,BHC,800.0,0.161043
Working-age,BHC,810.0,0.125842
Working-age,BHC,820.0,0.139723
Working-age,BHC,830.0,0.089333
Working-age,BHC,840.0,0.095925
Working-age,BHC,850.0,0.100746
Working-age,BHC,860.0,0.150248
Working-age,BHC,870.0,0.105562
Working-age,BHC,880.0,0.091475
Working-age,BHC,890.0,0.080454
Working-age,BHC,900.0,0.058917
Working-age,BHC,910.0,0.101222
Working-age,BHC,920.0,0.058781
Working-age,BHC,930.0,0.093183
Working-age,BHC,940.0,0.090819
Working-age,BHC,950.0,0.076602
Working-age,BHC,960.0,0.059425
Working-age,BHC,970.0,0.09691
Working-age,BHC,980.0,0.047502
Working-age,BHC,990.0,0.073134
Working-age,BHC,1000.0,0.076098
Working-age,BHC,1010.0,0.07203
Working-age,BHC,1020.0,0.068868
Working-age,BHC,1030.0,0.045276
Working-age,BHC,1040.0,0.029798
Working-age,BHC,1050.0,0.06567
Working-age,BHC,1060.0,0.042308
Working-age,BHC,1070.0,0.057011
Working-age,BHC,1080.0,0.053589
Working-age,BHC,1090.0,0.041964
Working-age,BHC,1100.0,0.070224
Working-age,BHC,1110.0,0.032291
Working-age,BHC,1120.0,0.03673
Working-age,BHC,1130.0,0.0636
Working-age,BHC,1140.0,0.014105
Working-age,BHC,1150.0,0.06694
Working-age,BHC,1160.0,0.029708
Working-age,BHC,1170.0,0.019008
Working-age,BHC,1180.0,0.042494
Working-age,BHC,1190.0,0.037275
Working-age,BHC,1200.0,0.032922
Working-age,BHC,1210.0,0.027678
Working-age,BHC,1220.0,0.023812
Working-age,BHC,1230.0,0.032848
Working-age,BHC,1240.0,0.015152
Working-age,BHC,1250.0,0.024106
Working-age,BHC,1260.0,0.023556
Working-age,BHC,1270.0,0.024956
Working-age,BHC,1280.0,0.028608
Working-age,BHC,1290.0,0.012002
Working-age,BHC,1300.0,0.011032
Working-age,BHC,1310.0,0.025555
Working-age,BHC,1320.0,0.050826
Working-age,BHC,1330.0,0.009662
Working-age,BHC,1340.0,0.014966
Working-age,BHC,1350.0,0.031546
Working-age,BHC,1360.0,0.008034
Working-age,BHC,1370.0,0.019442
Working-age,BHC,1380.0,0.028038
Working-age,BHC,1390.0,0.019378
Working-age,BHC,1400.0,0.028542
Working-age,BHC,1410.0,0.024672
Working-age,BHC,1420.0,0.022076
Working-age,BHC,1430.0,0.017473
Working-age,BHC,1440.0,0.0188
Working-age,BHC,1450.0,0.020006
Working-age,BHC,1460.0,0.016501
Working-age,BHC,1470.0,0.02474
Working-age,BHC,1480.0,0.053216
Working-age,BHC,1490.0,0.012066
Working-age,BHC,1500.0,0.661069
Working-age,AHC,-110.0,0.072965
Working-age,AHC,-100.0,0.011823
Working-age,AHC,-90.0,0.000393
Working-age,AHC,-80.0,0.017031
Working-age,AHC,-70.0,0.013013
Working-age,AHC,-60.0,0.023207
Working-age,AHC,-50.0,0.027665
Working-age,AHC,-40.0,0.007892
Working-age,AHC,-30.0,0.022779
Working-age,AHC,-20.0,0.028918
Working-age,AHC,-10.0,0.024775
Working-age,AHC,0.0,0.019083
Working-age,AHC,10.0,0.006558
Working-age,AHC,20.0,0.013804
Working-age,AHC,30.0,0.024786
Working-age,AHC,40.0,0.026826
Working-age,AHC,50.0,0.019589
Working-age,AHC,60.0,0.07487
Working-age,AHC,70.0,0.024459
Working-age,AHC,80.0,0.028556
Working-age,AHC,90.0,0.04047
Working-age,AHC,100.0,0.02063
Working-age,AHC,110.0,0.099676
Working-age,AHC,120.0,0.063987
Working-age,AHC,130.0,0.053513
Working-age,AHC,140.0,0.064839
Working-age,AHC,150.0,0.054013
Working-age,AHC,160.0,0.071312
Working-age,AHC,170.0,0.048777
Working-age,AHC,180.0,0.112333
Working-age,AHC,190.0,0.107271
Working-age,AHC,200.0,0.164214
Working-age,AHC,210.0,0.129768
Working-age,AHC,220.0,0.080293
Working-age,AHC,230.0,0.160027
Working-age,AHC,240.0,0.160369
Working-age,AHC,250.0,0.164116
Working-age,AHC,260.0,0.082265
Working-age,AHC,270.0,0.19729
Working-age,AHC,280.0,0.163616
Working-age,AHC,290.0,0.186165
Working-age,AHC,300.0,0.157855
Working-age,AHC,310.0,0.230506
Working-age,AHC,320.0,0.196798
Working-age,AHC,330.0,0.210549
Working-age,AHC,340.0,0.142063
Working-age,AHC,350.0,0.144698
Working-age,AHC,360.0,0.151533
Working-age,AHC,370.0,0.140126
Working-age,AHC,380.0,0.250953
Working-age,AHC,390.0,0.188997
Working-age,AHC,400.0,0.152196
Working-age,AHC,410.0,0.174334
Working-age,AHC,420.0,0.19637
Working-age,AHC,430.0,0.225194
Working-age,AHC,440.0,0.189632
Working-age,AHC,450.0,0.174004
Working-age,AHC,460.0,0.222119
Working-age,AHC,470.0,0.167063
Working-age,AHC,480.0,0.185965
Working-age,AHC,490.0,0.219723
Working-age,AHC,500.0,0.272033
Working-age,AHC,510.0,0.205627
Working-age,AHC,520.0,0.180166
Working-age,AHC,530.0,0.16868
Working-age,AHC,540.0,0.192921
Working-age,AHC,550.0,0.226745
Working-age,AHC,560.0,0.184561
Working-age,AHC,570.0,0.103711
Working-age,AHC,580.0,0.150227
Working-age,AHC,590.0,0.123434
Working-age,AHC,600.0,0.133454
Working-age,AHC,610.0,0.134977
Working-age,AHC,620.0,0.184244
Working-age,AHC,630.0,0.115439
Working-age,AHC,640.0,0.141013
Working-age,AHC,650.0,0.159835
Working-age,AHC,660.0,0.183502
Working-age,AHC,670.0,0.11595
Working-age,AHC,680.0,0.130105
Working-age,AHC,690.0,0.118787
Working-age,AHC,700.0,0.150483
Working-age,AHC,710.0,0.169002
Working-age,AHC,720.0,0.123083
Working-age,AHC,730.0,0.128893
Working-age,AHC,740.0,0.113419
Working-age,AHC,750.0,0.101236
Working-age,AHC,760.0,0.115284
Working-age,AHC,770.0,0.154716
Working-age,AHC,780.0,0.069905
Working-age,AHC,790.0,0.096603
Working-age,AHC,800.0,0.052235
Working-age,AHC,810.0,0.074638
Working-age,AHC,820.0,0.09406
Working-age,AHC,830.0,0.088893
Working-age,AHC,840.0,0.097335
Working-age,AHC,850.0,0.070547
Working-age,AHC,860.0,0.101004
Working-age,AHC,870.0,0.063862
Working-age,AHC,880.0,0.05534
Working-age,AHC,890.0,0.060746
Working-age,AHC,900.0,0.03856
Working-age,AHC,910.0,0.052016
Working-age,AHC,920.0,0.063547
Working-age,AHC,930.0,0.067292
Working-age,AHC,940.0,0.069831
Working-age,AHC,950.0,0.049468
Working-age,AHC,960.0,0.042851
Working-age,AHC,970.0,0.07771
Working-age,AHC,980.0,0.054057
Working-age,AHC,990.0,0.05529
Working-age,AHC,1000.0,0.023034
Working-age,AHC,1010.0,0.059766
Working-age,AHC,1020.0,0.037845
Working-age,AHC,1030.0,0.056382
Working-age,AHC,1040.0,0.024589
Working-age,AHC,1050.0,0.03752
Working-age,AHC,1060.0,0.046804
Working-age,AHC,1070.0,0.02924
Working-age,AHC,1080.0,0.034622
Working-age,AHC,1090.0,0.023979
Working-age,AHC,1100.0,0.027612
Working-age,AHC,1110.0,0.04777
Working-age,AHC,1120.0,0.041334
Working-age,AHC,1130.0,0.025717
Working-age,AHC,1140.0,0.008206
Working-age,AHC,1150.0,0.030512
Working-age,AHC,1160.0,0.030839
Working-age,AHC,1170.0,0.006542
Working-age,AHC,1180.0,0.005274
Working-age,AHC,1190.0,0.0215
Working-age,AHC,1200.0,0.050888
Working-age,AHC,1210.0,0.032126
Working-age,AHC,1220.0,0.011242
Working-age,AHC,1230.0,0.013588
Working-age,AHC,1240.0,0.02515
Working-age,AHC,1250.0,0.013384
Working-age,AHC,1260.0,0.019484
Working-age,AHC,1270.0,0.017618
Working-age,AHC,1280.0,0.014834
Working-age,AHC,1290.0,0.019104
Working-age,AHC,1300.0,0.010838
Working-age,AHC,1310.0,0.017179
Working-age,AHC,1320.0,0.016391
Working-age,AHC,1330.0,0.025476
Working-age,AHC,1340.0,0.012388
Working-age,AHC,1350.0,0.011008
Working-age,AHC,1360.0,0.0151
Working-age,AHC,1370.0,0.011096
Working-age,AHC,1380.0,0.01027
Working-age,AHC,1390.0,0.037738
Working-age,AHC,1400.0,0.060326
Working-age,AHC,1410.0,0.010526
Working-age,AHC,1420.0,0.018042
Working-age,AHC,1430.0,0.013028
Working-age,AHC,1440.0,0.002164
Working-age,AHC,1450.0,0.00295
Working-age,AHC,1460.0,0.00326
Working-age,AHC,1470.0,0.011246
Working-age,AHC,1480.0,0.002558
Working-age,AHC,1490.0,0.016356
Working-age,AHC,1500.0,0.489456
